park_id,park_name,latitude,longitude,park_type,management_priority,acres,golf_availability,soccer_availability,memorial_availability,gym_availability,shade_area_availability,volleyball_availability,swimming_pool_availability,tennis_availability,playground_availability,baseball_availability,recreation_center_availability,basketball_availability,garden_center_availability,parking_lot_availability,facility_total,visits_2019,origin_breadth_2019,visits_per_acre_2019,visits_2020,origin_breadth_2020,visits_per_acre_2020,visits_2021,origin_breadth_2021,visits_per_acre_2021
park-a-b-dittmar-neighborhood-park,A B Dittmar Neighborhood Park,30.18257,-97.79989,Neighborhood,Mixed-use Park,16.185,None,None,None,Low,None,None,Low,None,Low,None,Low,None,None,Low,5,844.431812,618,52.17373,588.573969,456,36.365398,432.135578,372,26.699758
park-adams-hemphill-neighborhood-park,Adams Hemphill Neighborhood Park,30.29463,-97.73882,Neighborhood,Not available,9.31,None,None,None,None,None,None,None,None,Low,Low,None,Low,None,None,3,471.016828,475,50.59257,276.905321,297,29.742784,279.921244,298,30.066729
park-alamo-pocket-park,Alamo Pocket Park,30.28254,-97.7203,Pocket,Active Park,1.873,None,None,None,None,None,None,None,None,Low,None,Low,None,None,Low,3,81.860859,172,43.705744,35.366313,99,18.882175,36.3768,98,19.421676
park-alderbrook-pocket-park,Alderbrook Pocket Park,30.4147,-97.6973,Pocket,Active Park,1.9,None,None,None,None,None,None,None,None,Low,None,None,None,None,None,2,312.581082,390,164.516359,96.436979,194,50.756305,195.498782,256,102.894096
park-alexander-neighborhood-park,Alexander Neighborhood Park,30.27969,-97.70828,Neighborhood,Mixed-use Park,7.92,None,None,None,None,None,None,None,None,None,None,None,None,Low,None,3,77.835473,171,9.827711,31.198611,101,3.939219,36.604238,101,4.621747
park-andrews-school-park,Andrews School Park,30.31748,-97.679,School,Active Park,3.27,None,None,None,None,None,None,None,None,None,None,None,None,None,None,0,32.700653,104,10.0002,19.113274,70,5.845038,16.155056,64,4.940384
park-ann-and-roy-butler-hike-and-bike-riverside-easement-trail,Ann And Roy Butler Hike And Bike Riverside Easement Trail,30.26136,-97.74721,Metropolitan,Mixed-use Park,48.58,Low,None,High,None,None,None,None,None,None,None,None,None,None,Medium,42,2595.244547,1062,53.422078,1239.157297,637,25.507561,1352.211296,613,27.834732
park-archstone-greenbelt-archstone,Archstone Greenbelt Archstone,30.2324,-97.83294,Pocket,Natural Area,0.53,None,None,None,None,None,None,None,None,None,None,None,None,None,None,0,257.200274,291,485.283536,169.685364,237,320.161064,194.683915,226,367.328142
park-armadillo-neighborhood-park,Armadillo Neighborhood Park,30.19974,-97.79077,Neighborhood,Passive Park,3.045,None,None,None,None,None,None,None,None,None,None,None,None,None,Low,1,60.109051,134,19.740247,183.396337,218,60.228682,37.992599,78,12.477044
park-astor-place-pocket-park,Astor Place Pocket Park,30.284694,-97.687148,Greenbelt,Natural Area,1.442,None,None,None,None,None,None,None,None,None,None,None,None,None,None,0,12.124359,51,8.408016,3.683951,21,2.554751,6.185798,26,4.289735
park-bailey-neighborhood-park,Bailey Neighborhood Park,30.30226,-97.7471,Neighborhood,Active Park,2.299,None,None,None,None,None,Low,None,Low,Low,None,None,None,None,Low,5,563.590059,495,245.145741,277.661864,265,120.77506,186.875182,216,81.285421
park-barrington-school-park,Barrington School Park,30.361076,-97.696254,School,Active Park,7.702,None,None,None,None,Low,None,None,None,Low,None,None,None,None,Low,5,455.314166,457,59.116355,149.622414,216,19.426437,104.02962,162,13.506832
park-barrow-nature-preserve,Barrow Nature Preserve,30.37227,-97.76902,Nature Preserve,Natural Area,7.5671,None,None,None,None,None,None,None,None,None,None,None,None,None,None,0,22.124774,95,2.923811,27.464653,89,3.629482,22.935093,78,3.030896
park-bartholomew-district-park,Bartholomew District Park,30.30332,-97.69547,District,Active Park,57.21,Low,None,Medium,None,Medium,None,Low,None,High,Low,None,Low,None,Medium,56,761.934208,2499,13.3182,950.902226,2923,16.621259,934.822791,2920,16.340199
park-barton-creek-wilderness-park,Barton Creek Wilderness Park,30.25789,-97.82625,Nature Preserve,Natural Area,1127.7354,None,None,None,None,Medium,None,Low,None,None,None,None,None,None,Medium,14,3212.432951,1174,2.84857,2903.783089,990,2.57488,2787.446751,944,2.471721
park-barton-hills-school-park,Barton Hills School Park,30.25543,-97.78249,School,Active Park,4.76,None,None,Low,None,None,None,None,None,Low,None,None,Low,None,Low,5,151.229102,233,31.77082,90.101747,153,18.928938,58.334968,117,12.255245
park-battlebend-springs-neighborhood-park,Battlebend Springs Neighborhood Park,30.213654,-97.768014,Neighborhood,Mixed-use Park,4.91,None,None,None,None,Low,None,None,None,Low,None,None,Low,None,None,3,103.007047,202,20.979032,69.717463,147,14.199076,92.824954,162,18.905286
park-bellingham-meadows-greenbelt,Bellingham Meadows Greenbelt,30.353803,-97.601537,Greenbelt,Natural Area,22.3262,None,None,None,None,None,None,Low,None,None,None,Low,None,None,Low,3,104.582975,202,4.684316,57.07255,147,2.556304,41.512294,115,1.859353
park-beverly-s-sheffield-northwest-district-park,Beverly S Sheffield Northwest District Park,30.34826,-97.74218,District,Mixed-use Park,30.829,None,None,High,None,None,None,Low,High,Low,Low,None,Low,None,Medium,18,916.41374,615,29.725704,735.53194,507,23.858443,516.184701,381,16.743479
park-big-walnut-creek-nature-preserve,Big Walnut Creek Nature Preserve,30.325817,-97.650884,Nature Preserve,Natural Area,47.952,None,None,None,None,None,None,None,None,None,None,None,None,None,None,0,19.221682,90,0.400853,10.07227,51,0.210049,18.013466,72,0.375656
park-blowing-sink-research-management-area,Blowing Sink Research Management Area,30.19299,-97.84981,Nature Preserve,Natural Area,81.96,None,None,None,None,None,None,None,None,None,None,None,None,None,None,0,79.956004,124,0.975549,128.26368,170,1.564955,233.395286,199,2.847673
park-blunn-creek-greenbelt,Blunn Creek Greenbelt,30.24306,-97.74552,Greenbelt,Corridor,12.9881,None,None,High,None,None,None,None,None,None,None,None,None,None,None,11,311.999248,342,24.021931,173.255171,230,13.339532,165.630487,206,12.75248
park-blunn-creek-nature-preserve,Blunn Creek Nature Preserve,30.23296,-97.74795,Nature Preserve,Natural Area,38.52,None,None,None,None,None,None,None,None,None,None,None,None,None,None,0,4135.75987,959,107.366559,1732.850596,543,44.985737,2699.056493,630,70.068964
park-bolm-district-park,Bolm District Park,30.253189,-97.678178,District,Natural Area,66.543,None,None,None,None,None,None,None,None,None,None,None,None,None,None,0,415.985986,348,6.251386,231.514622,238,3.479173,74.84857,120,1.124815
park-brentwood-neighborhood-park,Brentwood Neighborhood Park,30.341773,-97.731252,Neighborhood,Active Park,9.25,None,None,Medium,None,Low,Low,Low,Low,Medium,None,None,Low,None,None,15,2697.762591,1023,291.65001,9395.237567,1797,1015.701359,934.822791,1910,101.061923
park-brownie-neighborhood-park,Brownie Neighborhood Park,30.36426,-97.68669,Neighborhood,Active Park,8.287244,None,None,None,None,None,None,None,None,Low,None,None,None,None,None,1,761.934208,1553,91.940603,950.902226,2429,114.742878,934.822791,2505,112.802615
park-brush-square-triangle,Brush Square Triangle,30.33207,-97.7669,Planting Strips/Triangles,Natural Area,1.0,None,None,None,None,None,None,None,None,None,None,None,None,None,None,0,5.87336,38,5.87336,11.662415,45,11.662415,4.385478,20,4.385478
park-bull-creek-district-park,Bull Creek District Park,30.36648,-97.78575,District,Mixed-use Park,48.058,None,None,High,None,None,Low,None,None,None,None,None,None,None,Medium,10,735.161317,567,15.297376,976.531565,562,20.319854,565.69027,391,11.770991
park-buttermilk-neighborhood-park,Buttermilk Neighborhood Park,30.332051,-97.694379,Neighborhood,Active Park,6.2885,None,None,None,None,None,None,None,None,None,None,Low,Low,None,Medium,8,903.913006,618,143.740639,384.911415,348,61.20878,1844.565842,624,293.323661
park-caldwell-treaty-oak-park,Caldwell Treaty Oak Park,30.27123,-97.75549,Special,Special Use Area,0.3082,None,None,None,None,None,None,None,None,None,None,None,None,None,None,0,36.960475,117,119.92367,10.453824,43,33.918962,22.442277,60,72.817252
park-canyon-vista-pool,Canyon Vista Pool,30.427989,-97.785475,Special,Special Use Area,1.3581,None,None,None,None,None,None,Low,None,None,None,None,None,None,None,1,1554.114231,779,1144.329748,680.880208,469,501.347624,755.945716,501,556.620069
park-central-maintenance-complex-at-town-lake-metro-park,Central Maintenance Complex At Town Lake Metro Park,30.24275,-97.71837,Metropolitan,Special Use Area,9.22,None,None,None,None,None,None,None,None,None,None,None,None,None,Medium,3,800.849157,591,86.859995,307.042685,292,33.30181,139.928765,190,15.176656
park-cherry-creek-neighborhood-park,Cherry Creek Neighborhood Park,30.18877,-97.84488,Neighborhood,Mixed-use Park,10.25,None,None,None,None,None,None,None,None,None,None,None,Low,None,None,1,45.892877,136,4.477354,33.888304,114,3.306176,31.047054,90,3.028981
park-cherrywood-pocket-park,Cherrywood Pocket Park,30.29008,-97.71556,Pocket,Passive Park,0.516,None,None,None,None,None,None,None,None,None,None,None,None,None,None,0,75.704283,151,146.713727,392.947711,271,761.526572,15.974643,52,30.95861
park-chestnut-pocket-park,Chestnut Pocket Park,30.27704,-97.71689,Pocket,Active Park,0.6082,None,None,None,None,Low,None,None,None,Low,None,None,None,None,None,2,28.707438,93,47.200654,15.038371,52,24.726029,11.116629,46,18.277917
park-circle-c-ranch-on-slaughter-creek-easement-1,Circle C Ranch on Slaughter Creek Easement 1,30.19814,-97.86565,Metropolitan,Mixed-use Park,599.7269,High,Low,High,None,None,Low,None,None,Low,None,None,Low,None,High,75,3.66424,21,0.00611,2.787391,23,0.004648,1.856416,14,0.003095
park-civitan-neighborhood-park,Civitan Neighborhood Park,30.23736,-97.69084,Neighborhood,Active Park,7.12,None,None,None,None,None,None,Low,Low,Low,None,None,None,None,Low,4,121.323728,224,17.039849,105.533192,186,14.822078,99.509259,170,13.97602
park-colony-district-park,Colony District Park,30.299789,-97.637557,District,Mixed-use Park,91.79024,None,Low,High,Low,Low,None,None,None,Low,Low,Low,None,None,Medium,21,858.233126,626,9.349939,7406.427864,1462,80.688621,934.822791,1858,10.184338
park-colorado-river-greenbelt,Colorado River Greenbelt,30.25907,-97.66613,Greenbelt,Natural Area,8.475,None,None,None,None,None,None,None,None,None,None,None,None,None,None,0,1.850366,12,0.218332,1.317756,11,0.155487,14.713553,43,1.736112
park-colorado-river-park-wildlife-sanctuary,Colorado River Park Wildlife Sanctuary,30.24703,-97.69555,Nature Preserve,Natural Area,43.331,None,None,None,None,None,None,Low,None,None,None,None,None,None,None,1,9.650854,42,0.222724,12.874111,50,0.297111,3.045481,10,0.070284
park-colorado-walnut-greenbelt,Colorado Walnut Greenbelt,30.26581,-97.65697,Greenbelt,Natural Area,100.276,None,None,None,None,Low,None,None,None,None,None,Low,None,None,Medium,7,3.118082,17,0.031095,3.018151,11,0.030098,349.094303,292,3.481335
park-comal-pocket-park,Comal Pocket Park,30.26068,-97.728071,Pocket,Active Park,0.998,None,None,None,None,Low,None,None,None,Low,None,None,Low,None,None,3,294.660519,320,295.251021,291.744449,306,292.329107,328.384283,327,329.042368
park-commons-ford-ranch-metro-park,Commons Ford Ranch Metro Park,30.3362,-97.89055,Metropolitan,Mixed-use Park,215.235,None,None,Medium,None,Low,Low,Low,None,None,None,None,None,None,Low,9,199.277013,299,0.925858,348.228849,349,1.617901,765.469216,402,3.556435
park-conley-guerrero-senior-activity-center,Conley Guerrero Senior Activity Center,30.265895,-97.711265,Special,Special Use Area,2.4378,None,None,Low,None,None,None,None,None,None,None,None,Low,None,Medium,6,168.623992,255,69.17056,83.649391,150,34.313476,113.458785,158,46.541466
park-convict-hill-quarry-neighborhood-park,Convict Hill Quarry Neighborhood Park,30.226589,-97.87278,Neighborhood,Passive Park,2.814,None,None,Low,None,None,None,None,None,None,None,None,None,None,None,1,95.511538,186,33.941556,167.264182,222,59.440008,726.427248,452,258.147565
park-cook-school-park,Cook School Park,30.377551,-97.704358,School,Active Park,7.69,None,None,None,None,None,None,None,None,Low,None,None,None,None,None,1,1001.829994,704,130.276982,636.697575,466,82.795523,648.767805,502,84.365124
park-copperfield-neighborhood-park,Copperfield Neighborhood Park,30.387301,-97.654549,Neighborhood,Mixed-use Park,4.62,None,None,None,None,Low,None,None,None,Low,None,None,None,None,Low,3,451.435361,464,97.713282,385.721296,422,83.489458,1593.495237,628,344.912389
park-country-club-creek-greenbelt,Country Club Creek Greenbelt,30.22038,-97.73108,Greenbelt,Corridor,47.6096,None,None,None,None,None,None,None,None,None,None,None,None,None,None,0,369.377877,384,7.758475,799.383829,477,16.790392,3.951979,13,0.083008
park-crestland-triangle,Crestland Triangle,30.34155,-97.71526,Planting Strips/Triangles,Natural Area,0.3271,None,None,None,None,None,None,None,None,None,None,None,None,None,None,0,5.344093,27,16.337796,3.548295,18,10.847738,53.086381,109,162.294042
park-cunningham-school-park,Cunningham School Park,30.21118,-97.80542,School,Active Park,3.55,None,None,None,None,None,None,None,None,None,None,None,None,None,None,0,94.343224,190,26.575556,53.506478,118,15.072247,41.265564,108,11.624103
park-davis-hill-neighborhood-park,Davis Hill Neighborhood Park,30.19496,-97.840401,Neighborhood,Natural Area,8.359,None,None,None,None,Low,None,None,None,Low,None,None,Low,None,None,4,13.90042,66,1.662929,18.261283,76,2.184625,36.32037,133,4.345062
park-davis-spring,Davis Spring,30.489349,-97.76818,Special,Special Use Area,14.472,Low,None,None,None,None,None,None,None,None,None,None,None,None,None,26,55.338542,185,3.823835,44.01424,159,3.041338,492.835665,438,34.054427
park-davis-white-northeast-neighborhood-park,Davis White Northeast Neighborhood Park,30.30344,-97.65345,Neighborhood,Mixed-use Park,19.694,None,None,Low,None,Low,Low,None,None,Medium,None,None,Low,None,Low,10,397.815935,422,20.199855,338.608223,384,17.193471,8.741617,28,0.443872
park-decker-tallgrass-prairie-preserve,Decker Tallgrass Prairie Preserve,30.298577,-97.608277,Nature Preserve,Natural Area,347.99,None,None,None,None,None,None,None,None,None,None,None,None,None,None,0,10.562511,50,0.030353,6.72645,33,0.019329,60.391882,141,0.173545
park-deer-park-at-maple-run-preserve,Deer Park At Maple Run Preserve,30.2034,-97.86224,Nature Preserve,Natural Area,24.278,None,None,None,None,None,None,None,None,None,None,None,None,None,None,0,41.288116,123,1.700639,39.518583,122,1.627753,934.822791,2221,38.504934
park-dick-nichols-district-park,Dick Nichols District Park,30.21263,-97.85985,District,Mixed-use Park,140.3404,None,None,Low,None,Low,High,Low,None,Low,None,None,Low,None,Low,10,761.934208,1837,5.429187,950.902226,2334,6.775684,300.42229,289,2.140669
park-doss-school-park,Doss School Park,30.35629,-97.76172,School,Active Park,2.395,None,None,None,None,None,None,None,None,None,None,None,Low,None,None,1,108.959768,223,45.494684,127.638962,208,53.29393,127.57782,184,53.268401
park-dottie-jordan-neighborhood-park,Dottie Jordan Neighborhood Park,30.31401,-97.67367,Neighborhood,Active Park,11.45,None,None,None,None,Low,None,Low,Low,Low,None,Low,Low,None,Low,8,172.698782,247,15.082863,156.196312,210,13.641599,410.173083,328,35.822977
park-dougherty-arts-center,Dougherty Arts Center,30.260771,-97.756027,Special,Special Use Area,3.23708,None,None,None,None,None,None,None,None,None,None,None,None,None,Low,1,117.102654,213,36.175397,137.500787,202,42.476796,22.428722,80,6.928689
park-dry-creek-greenbelt,Dry Creek Greenbelt,30.1666,-97.62255,Greenbelt,Natural Area,7.8166,None,None,None,None,None,None,None,None,None,None,None,None,None,None,0,20.498287,70,2.622404,16.408614,71,2.099201,92.182109,151,11.793121
park-duncan-neighborhood-park,Duncan Neighborhood Park,30.27407,-97.75126,Neighborhood,Mixed-use Park,5.91,None,None,Medium,None,None,None,None,None,None,None,None,None,None,None,3,86.484103,181,14.63352,84.056841,161,14.222816,30.115838,84,5.095742
park-earl-j-pomerleau-pocket-park,Earl J Pomerleau Pocket Park,30.31834,-97.68688,Pocket,Special Use Area,1.927,None,None,None,Low,Low,None,None,None,Low,None,None,None,Low,Low,6,225.90275,318,117.23028,55.631049,117,28.869252,284.199157,269,147.482697
park-east-boggy-creek-greenbelt,East Boggy Creek Greenbelt,30.264076,-97.681297,Greenbelt,Natural Area,74.8899,None,None,Low,None,None,None,None,None,None,None,None,None,None,None,1,157.797291,246,2.107057,225.249185,269,3.007738,0.527369,6,0.007042
park-east-bouldin-creek-greenbelt,East Bouldin Creek Greenbelt,30.25577,-97.75411,Greenbelt,Natural Area,2.1225,None,None,None,None,Medium,None,None,None,Low,None,None,None,None,Low,6,10.865494,49,5.119196,1.921695,13,0.905392,1133.880712,646,534.219417
park-eastwoods-neighborhood-park,Eastwoods Neighborhood Park,30.29005,-97.73188,Neighborhood,Active Park,9.9,None,None,Low,None,None,None,None,Low,Low,None,None,Low,None,None,6,691.113629,561,69.809457,567.654057,447,57.338794,3790.512058,1025,382.880006
park-edward-rendon-sr-metro-park-at-festival-beach,Edward Rendon Sr Metro Park At Festival Beach,30.24965,-97.72556,Metropolitan,Mixed-use Park,99.0,None,None,High,None,Low,None,Low,None,Low,Low,Low,Low,None,High,44,6396.708644,1598,64.613219,4024.295243,1157,40.649447,398.024399,289,4.020448
park-eilers-deep-eddy-neighborhood-park,Eilers Deep Eddy Neighborhood Park,30.27648,-97.7727,Neighborhood,Active Park,8.2789,None,None,High,None,None,None,Low,None,Low,None,None,None,None,Low,16,1078.994102,623,130.330612,114.6882,186,13.853072,18.809326,49,2.27196
park-elizabet-ney-museum,Elizabet Ney Museum,30.30676,-97.7265,Special,Historical/Cultural,2.5482,None,None,None,None,None,None,None,None,None,None,None,None,None,Low,2,26.188546,92,10.277273,21.753553,78,8.536831,5.2657,30,2.066439
park-ellen-higgins-pocket-park,Ellen Higgins Pocket Park,30.19192,-97.82678,Pocket,Active Park,0.61,None,None,None,None,None,None,None,None,Low,None,None,None,None,None,1,9.522223,49,15.610202,10.423078,50,17.087013,0.086481,1,0.141772
park-emma-long-metro-park,Emma Long Metro Park,30.34258,-97.83539,Metropolitan,Mixed-use Park,1109.271,None,None,Medium,None,Medium,Low,None,None,None,None,None,Low,None,High,19,2683.565831,929,2.419216,0.598661,3,0.00054,2301.504463,802,2.07479
park-evergreen-cemetery,Evergreen Cemetery,30.277642,-97.700113,Cemetery,Not available,29.925,None,None,None,None,None,None,None,None,None,None,None,None,None,None,0,142.359951,235,4.757225,3320.350131,980,110.955727,394.30298,367,13.176374
park-forest-north-neighborhood-park,Forest North Neighborhood Park,30.46803,-97.78352,Neighborhood,Active Park,2.486,None,None,None,None,Low,None,Low,High,None,None,None,None,None,Low,6,76.069857,181,30.599299,205.137796,264,82.517215,89.053304,190,35.821924
park-franklin-neighborhood-park,Franklin Neighborhood Park,30.199148,-97.739486,Neighborhood,Active Park,5.3,None,None,None,None,Low,Low,None,None,Low,None,None,Low,None,None,4,160.654113,246,30.312097,49.021464,157,9.249333,55.08593,121,10.393572
park-gaines-creek-neighborhood-park,Gaines Creek Neighborhood Park,30.2421,-97.835457,Neighborhood,Natural Area,37.92,None,None,Low,None,None,None,None,None,None,None,None,None,None,None,1,11.426667,62,0.301336,57.334317,134,1.511981,9.642596,41,0.254288
park-garrison-district-park,Garrison District Park,30.21223,-97.80048,District,Active Park,40.0603,None,None,Low,None,Low,None,Low,None,Low,Low,None,Low,None,Medium,12,761.934208,1706,19.019683,17.599466,69,0.439324,77.274137,4124,1.928946
park-george-washington-carver-museum,George Washington Carver Museum,30.27002,-97.72427,Special,Historical/Cultural,0.2973,None,None,None,None,None,None,None,None,None,None,None,None,None,None,0,148.316857,232,498.879438,950.902226,2759,3198.460229,317.991538,177,1069.598177
park-georgian-acres-neighborhood-park,Georgian Acres Neighborhood Park,30.347413,-97.69834,Neighborhood,Natural Area,5.2186,None,None,None,None,Low,None,None,None,Medium,None,None,Low,None,None,5,380.488439,396,72.91006,45.247407,79,8.670411,257.729871,258,49.386784
park-gillis-neighborhood-park,Gillis Neighborhood Park,30.24047,-97.75938,Neighborhood,Active Park,7.8,None,None,None,None,None,Low,Low,None,Low,None,None,Low,None,Low,5,202.96973,289,26.02176,326.291083,335,41.83219,146.917853,170,18.835622
park-goat-cave-karst-nature-preserve,Goat Cave Karst Nature Preserve,30.19877,-97.846718,Nature Preserve,Natural Area,13.03,None,None,None,None,Low,None,None,None,None,None,None,None,None,None,2,162.881076,232,12.500466,293.8452,320,22.551435,168.522628,236,12.933433
park-govalle-neighborhood-park,Govalle Neighborhood Park,30.26045,-97.69013,Neighborhood,Mixed-use Park,27.9143,None,None,Low,None,None,None,Low,None,Low,Low,None,Low,None,Low,8,31.229747,86,1.118772,201.855461,276,7.231256,79.275856,144,2.839973
park-gracywoods-neighborhood-park,Gracywoods Neighborhood Park,30.405077,-97.696134,Neighborhood,Mixed-use Park,28.5729,None,None,None,None,None,Low,None,None,Low,None,None,None,None,Low,3,285.309878,370,9.985331,44.49185,96,1.557135,250.692293,307,8.773778
park-grand-meadow-neighborhood-park,Grand Meadow Neighborhood Park,30.15706,-97.74237,Neighborhood,Natural Area,9.926,None,None,None,None,None,None,None,None,None,None,None,None,None,None,0,63.044948,140,6.351496,337.584674,381,34.010142,70.497522,138,7.102309
park-great-hills-neighborhood-park,Great Hills Neighborhood Park,30.410633,-97.757007,Neighborhood,Mixed-use Park,86.5397,None,None,Low,None,Low,None,None,None,Medium,None,None,None,None,None,6,61.919157,162,0.7155,48.811971,125,0.564041,737.767088,339,8.525187
park-gregg-hill-pocket-park,Gregg Hill Pocket Park,30.31437,-97.749,Greenbelt,Natural Area,1.51,None,None,None,None,Low,None,None,None,None,None,None,None,None,None,1,10.904628,51,7.221608,41.095214,124,27.215374,5.243524,24,3.472532
park-grey-rock-golf-course,Grey Rock Golf Course,30.18077,-97.91256,Golf Course,Special Use Area,292.326,Low,None,None,None,None,None,None,High,None,None,None,None,None,Low,46,1209.30506,796,4.136837,15.890552,50,0.054359,1135.470707,652,3.884262
park-gustavo-gus-l-garcia-district-park,Gustavo Gus L Garcia District Park,30.352322,-97.682514,District,Mixed-use Park,47.271,None,None,None,None,None,None,None,None,Low,None,Low,None,None,Low,4,1970.615831,919,41.687627,797.528936,581,16.871421,865.441255,514,18.30808
park-hall-goodnight-planting-strip,Hall Goodnight Planting Strip,30.337841,-97.733942,Planting Strips/Triangles,Natural Area,1.2299,None,None,None,None,None,None,None,None,None,None,None,None,Low,None,1,19.866035,76,16.152561,1192.305686,627,969.433032,24.219919,79,19.692592
park-harpers-branch-creek-greenbelt,Harpers Branch Creek Greenbelt,30.24522,-97.73967,Greenbelt,Natural Area,1.6919,None,None,None,None,None,None,None,None,None,None,None,None,Low,None,1,29.52395,86,17.450174,19.927875,71,11.7784,25.069354,65,14.817279
park-harris-branch-neighborhood-park,Harris Branch Neighborhood Park,30.350006,-97.619542,Neighborhood,Passive Park,10.01,None,None,None,None,Low,None,None,None,None,None,None,None,None,Low,2,82.533201,183,8.245075,14.303629,48,1.428934,35.470824,114,3.543539
park-hartford-planting-strip,Hartford Planting Strip,30.29681,-97.7582,Planting Strips/Triangles,Natural Area,1.8588,None,None,None,None,None,None,None,None,Low,None,None,None,Low,None,2,84.395733,167,45.403342,51.750838,139,27.840993,21.452399,61,11.540994
park-hartford-triangle,Hartford Triangle,30.296396,-97.757457,Planting Strips/Triangles,Natural Area,0.6,None,None,None,None,None,None,None,None,Low,None,None,None,None,None,1,20.268023,80,33.780038,28.273095,80,47.121825,39.063662,84,65.106103
park-haskell-house,Haskell House,30.282352,-97.761685,Special,Special Use Area,0.2405,None,None,None,None,None,None,None,None,None,None,None,None,None,None,0,9.551174,45,39.713821,14.632941,48,60.84383,9.364236,32,38.936532
park-heritage-oaks-neighborhood-park,Heritage Oaks Neighborhood Park,30.23401,-97.73695,Neighborhood,Natural Area,3.527,None,None,None,None,None,None,None,None,None,None,None,None,None,Low,1,112.217209,211,31.816617,6.247822,24,1.771427,62.528268,142,17.728457
park-hielscher-tract-greenbelt,Hielscher Tract Greenbelt,30.193455,-97.898049,Greenbelt,Natural Area,66.58,None,Low,None,None,None,None,None,None,None,None,None,None,None,None,1,292.543505,315,4.393865,54.943035,130,0.825218,280.100853,268,4.206982
park-highland-neighborhood-park-and-reznicek-field,Highland Neighborhood Park and Reznicek Field,30.33597,-97.71424,Neighborhood,Special Use Area,7.449538,None,Low,None,None,Low,None,None,None,Low,None,None,None,Low,Low,5,2.479554,21,0.332847,276.143848,297,37.068587,0.857134,3,0.115059
park-hill-school-park,Hill School Park,30.37602,-97.74956,School,Active Park,1.14,None,None,None,None,None,None,None,None,Low,None,None,None,Low,Low,3,736.386418,562,645.952998,390.932558,359,342.923296,457.223209,366,401.07299
park-houston-school-park,Houston School Park,30.19654,-97.75511,School,Active Park,8.74,None,None,None,None,None,None,None,None,None,None,None,None,None,Low,1,329.205376,369,37.666519,216.815452,269,24.80726,257.161492,288,29.423512
park-hubert-c-schroeter-neighborhood-park,Hubert C Schroeter Neighborhood Park,30.413219,-97.738295,Neighborhood,Mixed-use Park,12.08,None,None,None,None,Low,None,None,None,Low,None,None,Low,None,None,4,265.122832,336,21.947254,149.47291,234,12.373585,90.498511,167,7.491599
park-international-shores-at-town-lake-metro-park,International Shores At Town Lake Metro Park,30.245835,-97.726502,Metropolitan,Corridor,7.3,None,None,Low,None,None,None,None,None,None,None,None,None,None,Low,3,50.569101,131,6.927274,53.611288,120,7.344012,36.683442,93,5.025129
park-j-j-seabrook-greenbelt,J J Seabrook Greenbelt,30.28428,-97.70059,Greenbelt,Passive Park,3.9,None,None,None,None,None,None,None,None,None,None,None,None,Low,None,1,9.018984,51,2.31256,10.51274,52,2.695574,16.20621,48,4.155438
park-janet-long-fish-park,Janet Long Fish Park,30.4112,-97.63801,Greenbelt,Special Use Area,27.872,None,None,None,None,None,None,None,None,None,None,None,None,None,None,0,96.004536,214,3.44448,67.026482,179,2.404796,61.166062,167,2.194534
park-jimmy-clay-golf-course,Jimmy Clay Golf Course,30.1896,-97.72766,Golf Course,Special Use Area,205.28,Low,None,Medium,None,Low,None,None,None,None,None,None,None,None,Low,45,282.933366,354,1.37828,202.499936,270,0.986457,219.200537,268,1.067812
park-john-trevino-jr-metro-park-at-morrison-ranch,John Trevino Jr Metro Park At Morrison Ranch,30.26232,-97.63571,Metropolitan,Special Use Area,330.0,None,None,None,None,None,None,None,None,None,None,None,None,None,None,0,132.12705,248,0.400385,81.383586,176,0.246617,93.804634,187,0.284256
park-joslin-neighborhood-park,Joslin Neighborhood Park,30.22827,-97.792,Neighborhood,Active Park,5.58,None,None,None,None,None,None,None,Low,Low,None,None,None,None,None,2,88.435727,177,15.848697,69.918323,140,12.530165,80.118923,142,14.35823
park-kendra-page-neighborhood-park,Kendra Page Neighborhood Park,30.181445,-97.764241,Neighborhood,Mixed-use Park,15.2491,None,None,Low,None,None,Low,None,None,Medium,None,None,None,None,None,5,358.369808,390,23.501046,231.237988,282,15.164042,450.707994,364,29.556367
park-kennemer-pool,Kennemer Pool,30.3602,-97.70609,Special,Special Use Area,1.04,None,None,None,None,None,None,Low,None,None,None,None,None,None,Low,2,2334.319294,1027,2244.537783,1287.512336,659,1237.992631,2106.718418,722,2025.690787
park-lamar-senior-activity-center,Lamar Senior Activity Center,30.29699,-97.7486,Special,Special Use Area,1.876,None,None,None,None,None,None,None,None,None,None,None,None,None,Low,2,42.64362,130,22.731141,30.114082,84,16.052283,13.442577,56,7.165553
park-latta-branch-greenbelt,Latta Branch Greenbelt,30.21676,-97.8645,Greenbelt,Mixed-use Park,126.9963,None,None,None,None,None,None,None,None,Low,None,None,None,None,None,2,3207.549113,1158,25.257028,3279.306796,1103,25.822066,3382.967142,1041,26.638313
park-lawrence-street-pocket-park,Lawrence Street Pocket Park,30.22388,-97.69872,Pocket,Mixed-use Park,0.9854,None,None,None,None,None,None,None,None,Low,None,None,None,None,None,1,82.085146,166,83.301346,50.807541,120,51.560322,35.550987,86,36.077722
park-legend-oaks-neighborhood-park,Legend Oaks Neighborhood Park,30.222902,-97.873728,Neighborhood,Natural Area,7.3,None,None,None,None,None,None,None,None,None,None,None,None,None,None,0,41.78466,114,5.723926,51.485662,124,7.05283,63.888602,112,8.751863
park-lewis-mountain-ranch-neighborhood-park,Lewis Mountain Ranch Neighborhood Park,30.208213,-97.913628,Neighborhood,Passive Park,6.06,None,None,None,None,None,None,None,None,None,None,None,None,None,None,0,1.383514,12,0.228303,2.33471,8,0.385266,4.897928,18,0.808239
park-little-stacy-neighborhood-park,Little Stacy Neighborhood Park,30.24772,-97.74363,Neighborhood,Active Park,6.7793,None,None,Medium,None,None,None,Low,Low,Medium,None,None,Low,None,None,12,54.850776,123,8.09092,78.795775,123,11.622996,60.230504,106,8.884472
park-little-walnut-creek-district-park,Little Walnut Creek District Park,30.29987,-97.6675,Greenbelt,Natural Area,211.33,None,None,Low,None,None,None,None,None,None,None,None,None,None,None,1,359.533398,373,1.701289,396.658901,370,1.876964,606.536777,444,2.870093
park-little-zilker-neighborhood-park,Little Zilker Neighborhood Park,30.25139,-97.77476,Neighborhood,Active Park,4.57,None,None,Medium,None,None,None,None,None,Low,None,None,None,None,None,5,229.465447,284,50.211258,112.691678,160,24.659011,79.436677,126,17.382205
park-longhorn-shores-at-town-lake-metro-park,Longhorn Shores At Town Lake Metro Park,30.247351,-97.714797,Metropolitan,Corridor,11.7,None,None,Medium,None,None,None,None,None,None,None,None,None,None,None,5,333.612895,368,28.513923,213.700023,259,18.264959,290.989153,274,24.870868
park-longview-neighborhood-park,Longview Neighborhood Park,30.20273,-97.82563,Neighborhood,Mixed-use Park,20.056,None,None,None,None,Low,None,None,None,Low,None,None,Low,None,Low,4,151.338569,251,7.5458,160.86188,241,8.020636,114.514346,172,5.70973
park-lott-pocket-park,Lott Pocket Park,30.27115,-97.73014,Pocket,Active Park,1.3375,None,None,None,None,None,None,None,None,Low,None,None,Low,None,None,3,20.506927,79,15.332282,50.196262,107,37.529916,23.644527,69,17.678151
park-lou-neff-point,Lou Neff Point,30.26724,-97.7617,Metropolitan,Mixed-use Park,307.8478,Low,None,High,None,Low,High,Low,None,High,Low,Low,Low,None,High,99,50.245382,125,0.163215,125.325317,182,0.407102,233.849165,229,0.759626
park-lower-bull-creek-greenbelt,Lower Bull Creek Greenbelt,30.38008,-97.77346,Greenbelt,Corridor,115.5453,None,None,Medium,None,None,None,None,None,None,None,None,None,None,Medium,7,2192.284459,1048,18.973376,1740.753791,855,15.065553,1304.61035,674,11.290899
park-lucy-read-school-park,Lucy Read School Park,30.35212,-97.73608,School,Active Park,0.774,None,Low,None,None,None,None,None,None,Low,None,None,Low,None,None,3,240.624185,319,310.88396,122.333579,188,158.05372,32.773072,94,42.34247
park-mabel-davis-district-park,Mabel Davis District Park,30.22004,-97.74128,District,Mixed-use Park,52.747,None,None,Low,None,Low,None,Low,None,Low,None,None,Low,None,Low,7,807.821415,595,15.315021,698.336491,493,13.239359,725.984425,470,13.763521
park-maggie-boatright-area-of-the-bull-creek-greenbelt,Maggie Boatright Area Of The Bull Creek Greenbelt,30.401655,-97.783979,Greenbelt,Corridor,8.986,None,None,None,None,None,None,None,None,None,None,None,None,None,None,0,5.32277,36,0.59234,6.294531,34,0.700482,4.079758,23,0.454013
park-manuel-and-robert-donley-pocket-park,Manuel And Robert Donley Pocket Park,30.25009,-97.72178,Pocket,Passive Park,0.3873,None,None,None,None,None,None,None,None,None,None,None,None,None,None,0,69.951578,150,180.613421,34.959106,90,90.263635,41.802242,89,107.932461
park-marble-creek-greenbelt,Marble Creek Greenbelt,30.16271,-97.7349,Neighborhood,Mixed-use Park,8.511,None,None,None,None,None,None,None,None,None,None,None,None,None,None,0,31.061664,112,3.64959,59.377428,150,6.976551,34.370847,108,4.038403
park-mary-dawson-pocket-park,Mary Dawson Pocket Park,30.259171,-97.756438,Pocket,Natural Area,0.92,None,None,None,None,None,None,None,None,None,None,None,None,None,None,0,61.076254,131,66.387233,37.27884,86,40.520478,19.379591,61,21.064773
park-mary-frances-baylor-clarksville-pocket-park,Mary Frances Baylor Clarksville Pocket Park,30.28184,-97.76432,Pocket,Active Park,1.43,None,None,None,None,None,None,None,None,Low,None,None,Low,None,None,2,60.371718,144,42.217985,24.157708,76,16.893502,49.851665,88,34.861304
park-mary-moore-searight-metro-park,Mary Moore Searight Metro Park,30.16027,-97.80753,Metropolitan,Mixed-use Park,342.6595,Low,Low,High,None,Low,Low,None,Low,Low,None,None,Low,None,Medium,54,3060.576561,1179,8.93183,3154.640167,1100,9.206341,3001.731368,1005,8.7601
park-mayfield-park,Mayfield Park,30.31298,-97.77175,Special,Mixed-use Park,23.331,None,None,Low,None,None,None,None,None,None,None,None,None,None,Low,3,885.327047,611,37.946382,405.093369,354,17.362881,603.351665,405,25.860515
park-meadows-at-trinity-crossing-neighborhood-park,Meadows At Trinity Crossing Neighborhood Park,30.29186,-97.64692,Neighborhood,Mixed-use Park,16.36,None,None,None,None,Low,None,None,None,Low,None,None,None,None,None,3,88.495453,199,5.409258,68.52769,157,4.188734,128.051261,215,7.827094
park-meadowview-triangle,Meadowview Triangle,30.33972,-97.71148,Planting Strips/Triangles,Natural Area,0.4683,None,None,Medium,None,None,None,None,None,None,None,None,None,None,None,3,11.449962,51,24.450058,6.56492,31,14.018621,9.644342,37,20.594367
park-metz-neighborhood-park,Metz Neighborhood Park,30.25179,-97.71855,Neighborhood,Active Park,6.915,None,None,None,None,Low,None,Low,Low,Low,None,Low,Low,None,Medium,9,281.816124,342,40.75432,191.307183,247,27.665536,126.861308,174,18.345815
park-millennium-center,Millennium Center,30.27182,-97.7108,Special,Special Use Area,5.5415,None,None,None,None,None,None,None,None,None,None,None,None,None,Medium,3,344.453081,387,62.158816,155.70731,222,28.098405,158.956603,186,28.684761
park-montopolis-neighborhood-park,Montopolis Neighborhood Park,30.23247,-97.699869,Neighborhood,Active Park,7.61,None,None,None,None,Low,None,Low,None,Low,None,Low,None,None,Low,6,1962.510585,888,257.885754,1073.856422,608,141.111225,1790.278197,722,235.253377
park-mountain-view-neighborhood-park,Mountain View Neighborhood Park,30.43027,-97.79123,Neighborhood,Active Park,8.273,None,None,Low,None,Low,None,None,None,Medium,None,None,Low,None,Low,7,62.89115,181,7.601976,71.07544,185,8.591253,73.677364,164,8.905761
park-murchison-pool,Murchison Pool,30.35461,-97.75737,Special,Special Use Area,1.15,None,None,None,None,None,None,Low,None,Low,None,None,None,None,Low,3,1499.781015,826,1304.157404,451.411941,309,392.532123,470.42647,359,409.066496
park-musket-valley-neighborhood-park,Musket Valley Neighborhood Park,30.37342,-97.64598,Neighborhood,Natural Area,15.91,None,None,None,None,None,None,None,None,None,None,None,None,None,None,0,136.453913,258,8.576613,106.107281,217,6.669219,110.787488,204,6.963387
park-nicholas-dawson-neighborhood-park,Nicholas Dawson Neighborhood Park,30.25273,-97.75486,Neighborhood,Mixed-use Park,3.1977,None,None,None,None,None,None,None,None,Low,None,None,None,None,Low,2,14.646582,66,4.580349,15.319201,50,4.790694,6.02082,33,1.88286
park-norman-school-park,Norman School Park,30.277418,-97.673447,School,Active Park,6.9,None,None,None,None,None,None,None,None,Low,None,None,None,None,Low,2,85.928911,164,12.453465,42.470589,101,6.155158,62.174098,123,9.010739
park-north-acres-greenbelt,North Acres Greenbelt,30.347722,-97.686288,Greenbelt,Corridor,3.6285,None,None,None,None,None,None,None,None,None,None,None,None,Low,None,1,57.269513,137,15.783247,48.277014,110,13.304951,31.081639,87,8.565975
park-north-cat-mountain-greenbelt,North Cat Mountain Greenbelt,30.36439,-97.77984,Greenbelt,Natural Area,30.9022,None,None,None,None,None,None,None,None,None,None,None,None,None,None,0,212.046455,302,6.861856,231.734156,301,7.498953,224.175042,253,7.254339
park-north-oaks-neighbohood-park,North Oaks Neighbohood Park,30.3802,-97.67151,Neighborhood,Mixed-use Park,4.616,None,None,None,None,None,None,None,None,Low,None,None,None,None,None,1,129.876081,161,28.136066,161.638385,179,35.016981,143.797427,153,31.151956
park-north-star-greenbelt,North Star Greenbelt,30.39481,-97.70209,Greenbelt,Corridor,24.7587,None,None,None,None,Low,None,None,None,None,None,None,None,None,None,2,309.927292,381,12.517915,365.871259,381,14.777483,408.10631,382,16.48335
park-northwest-balcones-neighborhood-park,Northwest Balcones Neighborhood Park,30.42638,-97.8008,Neighborhood,Mixed-use Park,6.5,None,None,None,None,Medium,None,None,None,Medium,None,None,None,None,Low,10,81.457148,200,12.531869,119.551522,236,18.392542,125.855835,207,19.362436
park-northwest-recreation-center,Northwest Recreation Center,30.33347,-97.7518,Special,Active Park,6.86,None,None,None,None,Low,Low,None,None,Low,None,Low,None,None,Low,6,757.380684,579,110.405348,382.281757,253,55.726204,564.35771,356,82.267888
park-norwood-tract-at-town-lake-metro-park,Norwood Tract At Town Lake Metro Park,30.249799,-97.737909,Metropolitan,Special Use Area,15.86417,None,None,None,None,None,None,None,None,None,None,None,None,None,None,0,3496.065955,1274,220.374968,1532.169316,700,96.58049,897.961889,484,56.603143
park-oak-springs-school-park,Oak Springs School Park,30.271951,-97.703545,School,Active Park,6.13,None,None,None,None,None,None,None,None,None,None,None,None,None,Low,1,82.600059,172,13.474724,45.04398,106,7.348121,41.418334,114,6.756661
park-oak-view-neighborhood-park,Oak View Neighborhood Park,30.41793,-97.76909,Neighborhood,Mixed-use Park,6.98,None,None,None,None,Low,None,None,Low,Low,None,None,None,None,None,5,155.688581,265,22.304954,119.160613,225,17.071721,112.04169,195,16.051818
park-oakhill-neighborhood-park,Oakhill Neighborhood Park,30.24497,-97.8431,Neighborhood,Natural Area,14.495,None,None,None,None,None,None,None,None,None,None,None,None,None,None,0,562.573059,433,38.811525,1995.985849,826,137.70168,2456.420575,795,169.466752
park-oakwood-annex-cemetery,Oakwood Annex Cemetery,30.276929,-97.723929,Cemetery,Special Use Area,18.6,None,None,None,None,None,None,None,None,None,None,None,None,None,None,0,120.066689,211,6.455198,72.011647,155,3.871594,72.204086,130,3.88194
park-oakwood-cemetery,Oakwood Cemetery,30.27685,-97.72666,Cemetery,Special Use Area,39.5126,None,None,None,None,None,None,None,None,None,None,None,None,None,None,0,128.621621,234,3.255205,49.676472,116,1.257231,63.314927,108,1.602398
park-odom-school-park,Odom School Park,30.20599,-97.78824,School,Active Park,4.3,None,None,None,None,Low,None,Low,None,Low,None,None,None,None,None,3,173.867419,260,40.434283,130.015752,197,30.236221,97.132902,152,22.589047
park-oertli-neighborhood-park,Oertli Neighborhood Park,30.39636,-97.65082,Neighborhood,Passive Park,6.0,None,None,None,Low,Low,Low,Low,Low,Low,None,Low,None,Low,Low,12,101.207769,225,16.867961,56.062303,155,9.343717,64.6017,171,10.76695
park-old-moores-crossing-neighborhood-park,Old MooreS Crossing Neighborhood Park,30.15371,-97.6444,Neighborhood,Natural Area,12.745,None,None,None,None,None,None,None,None,None,None,None,None,None,None,0,9.642477,55,0.756569,9.426565,50,0.739628,12.288744,56,0.964201
park-onion-creek-greenbelt,Onion Creek Greenbelt,30.16844,-97.7532,Greenbelt,Natural Area,247.3583,None,None,None,None,None,None,None,None,Low,None,None,None,None,Low,2,542.870004,484,2.194671,607.436131,470,2.455693,1047.869942,613,4.236243
park-onion-creek-metro-park,Onion Creek Metro Park,30.162055,-97.756816,Metropolitan,Natural Area,390.6331,None,None,None,None,High,None,None,None,None,None,None,None,None,Medium,33,304.184017,345,0.778695,343.76163,345,0.880012,478.492994,392,1.224917
park-onion-creek-soccer-complex,Onion Creek Soccer Complex,30.177,-97.74072,Special,Special Use Area,112.46,None,Low,None,None,None,None,None,None,None,None,None,None,None,Low,11,616.692916,447,5.483665,256.66355,251,2.282265,282.563969,247,2.512573
park-ortega-school-park,Ortega School Park,30.269563,-97.683402,School,Active Park,4.28,None,None,None,None,Low,None,None,None,None,None,None,None,None,None,1,81.801128,190,19.112413,79.307891,134,18.529881,39.412599,96,9.208551
park-parque-zaragoza-neighborhood-park,Parque Zaragoza Neighborhood Park,30.261533,-97.711197,Neighborhood,Active Park,15.273,None,None,None,None,None,Low,Low,None,Low,Low,Low,Low,None,Medium,10,933.974604,640,61.152007,551.15231,390,36.086709,187.972805,212,12.307523
park-payton-gin-pocket-park,Payton Gin Pocket Park,30.35765,-97.70094,Pocket,Passive Park,0.9709,None,None,None,None,None,None,None,None,None,None,None,None,None,None,0,198.231522,205,204.172955,106.92089,122,110.125543,217.128108,172,223.635913
park-pecan-springs-school-park,Pecan Springs School Park,30.302832,-97.675664,School,Active Park,4.55,None,None,None,None,None,None,None,None,None,None,None,None,None,Low,1,323.12404,375,71.016273,115.047153,158,25.285089,197.994556,243,43.515287
park-pickfair-pocket-park,Pickfair Pocket Park,30.4392,-97.8111,Pocket,Active Park,1.8207,None,None,None,None,Low,None,None,None,Low,None,Low,None,None,Low,5,14.074709,67,7.730383,20.29312,81,11.145779,11.439955,50,6.283273
park-pillow-school-park,Pillow School Park,30.369526,-97.734136,School,Active Park,7.2,None,None,None,None,None,None,None,None,Low,None,None,None,None,Low,3,255.220172,357,35.447246,135.714043,214,18.849173,97.616851,169,13.557896
park-piney-bend-neighborhood-park,Piney Bend Neighborhood Park,30.19358,-97.83233,Neighborhood,Mixed-use Park,4.335,None,None,None,None,None,None,None,None,Low,None,None,None,None,None,1,113.047582,196,26.077874,85.549677,167,19.734643,88.332682,157,20.376628
park-pioneer-crossing-neighborhood-park,Pioneer Crossing Neighborhood Park,30.363752,-97.640132,Neighborhood,Natural Area,17.96,None,None,None,None,None,None,None,None,None,None,None,None,None,None,0,26.785561,114,1.491401,23.988541,100,1.335665,17.693622,82,0.985168
park-plummers-cemetery,Plummers Cemetery,30.27691,-97.68918,Cemetery,Special Use Area,6.911,None,Low,Low,Low,Low,None,None,Low,Low,Low,Low,Low,None,Low,11,150.732493,226,21.810518,47.290852,113,6.842838,142.288415,145,20.588687
park-ponciana-neighborhood-park,Ponciana Neighborhood Park,30.200826,-97.755222,Neighborhood,Mixed-use Park,5.179,None,None,None,None,Low,None,None,None,Medium,None,None,None,None,None,4,356.914272,402,68.915673,148.708353,221,28.713719,131.943791,214,25.476693
park-quail-creek-neighborhood-park,Quail Creek Neighborhood Park,30.369231,-97.700906,Neighborhood,Mixed-use Park,16.299,None,None,None,None,None,None,None,None,Low,None,None,None,None,None,1,1747.269081,844,107.200999,1366.510039,668,83.840115,877.611672,472,53.84451
park-red-bluff-neighborhood-park,Red Bluff Neighborhood Park,30.268542,-97.677177,Neighborhood,Natural Area,7.196,None,None,None,None,None,None,None,None,None,None,None,None,None,None,0,0.055091,1,0.007656,0.761466,5,0.105818,19.486693,47,2.70799
park-red-bud-isle,Red Bud Isle,30.29118,-97.787025,Special,Mixed-use Park,17.49,None,None,High,None,None,None,None,None,None,None,None,None,None,Low,8,239.125518,284,13.672128,289.970078,297,16.579193,130.666304,185,7.470915
park-reed-neighborhood-park,Reed Neighborhood Park,30.30489,-97.77155,Neighborhood,Active Park,6.369,None,None,Medium,None,None,None,Low,None,Low,None,None,None,None,Low,6,141.800497,239,22.26417,114.369934,186,17.957283,91.330658,151,14.339874
park-reilly-school-park,Reilly School Park,30.3273,-97.71967,School,Not available,6.965,None,None,None,None,None,None,None,None,None,None,None,Low,None,None,1,279.718458,316,40.160583,94.145763,168,13.51698,83.991434,137,12.059072
park-riata-neighborhood-park,Riata Neighborhood Park,30.42854,-97.73928,Neighborhood,Mixed-use Park,8.08,None,None,None,None,None,None,None,Low,Low,None,None,None,None,None,3,118.880077,227,14.712881,47.278684,124,5.851322,27.47672,88,3.400584
park-ricky-guerrero-neighborhood-park,Ricky Guerrero Neighborhood Park,30.24748,-97.76513,Neighborhood,Active Park,2.0145,None,None,None,None,None,None,None,None,Low,None,None,None,None,Low,2,60.258965,155,29.912616,36.747682,87,18.241589,43.151669,91,21.420536
park-rinard-creek-greenbelt,Rinard Creek Greenbelt,30.13406,-97.77321,Greenbelt,Corridor,23.724,None,None,None,None,None,None,None,None,None,None,None,None,None,None,0,29.971468,117,1.26334,15.331921,74,0.646262,35.737656,103,1.506393
park-roberta-crenshaw-overlook-at-shoal-beach-at-town-lake-metro-park,Roberta Crenshaw Overlook At Shoal Beach At Town Lake Metro Park,30.26299,-97.7451,Metropolitan,Corridor,1.63,None,None,Low,None,None,None,None,None,None,None,None,None,None,None,2,94.543221,190,58.001976,29.262497,79,17.952452,10.69587,45,6.561883
park-ron-rigsby-pocket-park,Ron Rigsby Pocket Park,30.36449,-97.70529,Pocket,Passive Park,0.8357,None,None,None,None,None,None,None,None,None,None,None,None,None,None,0,27.513845,96,32.923112,29.364934,92,35.138129,36.017225,94,43.098271
park-rosewood-neighborhood-park,Rosewood Neighborhood Park,30.270831,-97.714487,Neighborhood,Active Park,14.1535,None,None,None,Low,None,None,Low,Low,Low,None,Low,None,None,Medium,9,491.5085,443,34.726993,218.620474,276,15.44639,271.116196,254,19.155417
park-roy-g-guerrero-colorado-river-metro-park,Roy G Guerrero Colorado River Metro Park,30.24452,-97.70415,Metropolitan,Mixed-use Park,363.0,High,None,Low,None,Medium,High,None,None,Medium,Low,None,None,None,High,76,5148.64226,1468,14.183587,2867.959199,944,7.900714,7201.226441,1340,19.838089
park-roy-kizer-golf-course,Roy Kizer Golf Course,30.1783,-97.73467,Golf Course,Special Use Area,238.06,Low,None,Low,None,None,None,None,None,None,None,None,None,None,None,38,2128.419716,747,8.940686,6582.494745,1487,27.65057,934.822791,1761,3.926837
park-sanchez-school-park,Sanchez School Park,30.25696,-97.73457,School,Active Park,1.3,None,None,None,None,None,None,None,None,Low,None,None,None,None,None,2,49.028828,128,37.714483,13.417083,51,10.320833,18.484639,51,14.218953
park-scenic-brook-pocket-park,Scenic Brook Pocket Park,30.23484,-97.87944,Neighborhood,Mixed-use Park,0.892,None,None,None,None,None,None,None,None,None,None,None,Low,None,None,1,15.167662,73,17.004105,10.33467,54,11.585953,9.700305,45,10.874781
park-schieffer-tract,Schieffer Tract,30.30765,-97.67113,Special,Natural Area,4.359,None,None,None,None,None,None,None,None,None,None,None,None,None,None,0,103.916382,203,23.8395,93.10613,176,21.359516,87.378195,159,20.045468
park-scofield-farms-neighborhood-park,Scofield Farms Neighborhood Park,30.41749,-97.68025,Neighborhood,Mixed-use Park,20.6445,None,None,None,None,Low,Low,None,None,None,None,None,None,None,None,2,107.957375,231,5.229353,65.771962,165,3.185931,71.833046,157,3.479525
park-seider-springs-greenbelt,Seider Springs Greenbelt,30.305476,-97.747971,Greenbelt,Corridor,4.22,None,None,None,None,None,None,None,None,None,None,None,None,None,None,0,174.34528,259,41.314047,142.782337,221,33.834677,275.602199,269,65.308578
park-sendera-mesa-neighborhood-park,Sendera Mesa Neighborhood Park,30.2025,-97.86009,Neighborhood,Natural Area,4.62,None,None,None,None,None,None,None,None,Low,None,None,None,None,Low,3,111.131749,207,24.054491,100.772883,202,21.812312,60.764527,145,13.152495
park-shinoak-valley-greenbelt,Shinoak Valley Greenbelt,30.34715,-97.76514,Greenbelt,Natural Area,10.4617,None,None,None,None,None,None,None,None,None,None,None,None,None,None,0,6387.46283,1365,610.556872,950.902226,1989,90.893662,9110.459443,1729,870.839294
park-shipe-neighborhood-park,Shipe Neighborhood Park,30.30754,-97.72726,Neighborhood,Active Park,2.616,None,None,Low,None,None,None,Low,Low,Low,None,None,Low,None,None,7,4475.657949,1089,1710.878421,3787.937975,1160,1447.988523,5881.248844,1263,2248.183809
park-shoal-beach-at-town-lake-metro-park,Shoal Beach At Town Lake Metro Park,30.265029,-97.751838,Metropolitan,Corridor,13.48084,None,None,High,None,None,None,None,None,None,None,None,None,None,Low,12,1585.100753,836,117.58175,667.810892,460,49.53778,1603.498615,628,118.946491
park-silk-oak-neighborhood-park,Silk Oak Neighborhood Park,30.18559,-97.84001,Neighborhood,Mixed-use Park,17.544,None,None,None,None,None,Low,None,None,Low,None,None,None,None,None,3,74.865806,180,4.267317,61.053975,153,3.480049,98.930163,177,5.638974
park-sir-swante-palm-neighborhood-park,Sir Swante Palm Neighborhood Park,30.26292,-97.73744,Neighborhood,Active Park,3.017,None,None,None,None,None,None,Low,None,Low,None,None,None,None,None,2,531.770677,485,176.258096,117.819536,172,39.051885,57.713571,121,19.129457
park-south-austin-neighborhood-park,South Austin Neighborhood Park,30.24143,-97.76895,Neighborhood,Active Park,12.27,None,None,Low,None,None,None,None,Low,Low,None,Low,None,None,Low,5,1054.022112,674,85.902373,871.714969,453,71.044415,137.45224,170,11.202302
park-south-austin-senior-activity-center,South Austin Senior Activity Center,30.23302,-97.78462,Special,Special Use Area,4.63,None,None,None,None,None,None,None,None,None,None,None,None,None,Medium,3,170.982294,272,36.929221,96.875191,148,20.923367,30.850592,78,6.663195
park-south-boggy-creek-greenbelt,South Boggy Creek Greenbelt,30.18025,-97.78001,Greenbelt,Natural Area,41.4173,None,None,Low,None,None,None,None,None,None,None,None,None,None,Low,2,42.956432,131,1.037162,20.583921,68,0.496988,27.211297,71,0.657003
park-south-park-meadows-greenbelt,South Park Meadows Greenbelt,30.156258,-97.798211,Greenbelt,Natural Area,80.55,None,None,None,None,None,None,None,None,None,None,None,None,None,None,0,308.941138,383,3.835396,274.541189,357,3.408333,330.92752,361,4.108349
park-sparky-pocket-park,Sparky Pocket Park,30.2991,-97.73215,Pocket,Special Use Area,0.3979,None,None,None,None,None,None,None,None,None,None,None,None,None,Low,1,37.574919,117,94.433071,14.415815,67,36.229744,13.650301,58,34.305858
park-springdale-neighborhood-park,Springdale Neighborhood Park,30.27733,-97.68331,Neighborhood,Mixed-use Park,15.5016,None,None,Low,None,None,None,None,None,Low,None,None,None,None,Low,3,37.098173,109,2.393183,36.499229,94,2.354546,2531.247797,705,163.289454
park-springfield-neighborhood-park,Springfield Neighborhood Park,30.17033,-97.73592,Greenbelt,Mixed-use Park,105.78,None,None,None,None,None,None,None,None,None,None,None,None,None,None,0,252.375945,333,2.385857,212.704627,304,2.010821,219.111367,294,2.071387
park-st-edwards-greenbelt,St Edwards Greenbelt,30.40594,-97.79122,Greenbelt,Natural Area,79.8,None,None,None,None,None,None,None,None,None,None,None,None,None,Medium,3,102.19614,218,1.280653,320.282108,356,4.01356,138.921352,204,1.740869
park-st-elmo-school-park,St Elmo School Park,30.22244,-97.772888,School,Active Park,6.17,None,None,None,None,None,None,None,None,Low,Low,None,Low,None,Low,4,259.437916,341,42.048285,126.788523,190,20.549193,84.929603,152,13.764928
park-st-johns-pocket-park,St JohnS Pocket Park,30.3328,-97.70046,Pocket,Special Use Area,3.533607,None,None,None,None,Low,None,None,None,Low,None,None,None,None,None,3,164.183585,256,46.463454,426.274969,388,120.634516,1003.211306,443,283.905739
park-steck-valley-greenbelt,Steck Valley Greenbelt,30.38225,-97.75881,Greenbelt,Natural Area,37.9972,None,None,None,None,None,None,None,None,None,None,None,None,None,None,0,362.897531,403,9.550639,272.66082,321,7.175813,208.778779,252,5.494583
park-stillhouse-hollow-nature-preserve,Stillhouse Hollow Nature Preserve,30.36949,-97.76247,Nature Preserve,Natural Area,19.8278,None,None,None,None,None,None,None,None,None,None,None,None,None,Low,1,163.537621,278,8.247895,153.44129,241,7.738695,111.542037,187,5.625538
park-stoney-ridge-neighborhood-park,Stoney Ridge Neighborhood Park,30.158064,-97.651615,Neighborhood,Active Park,4.01,None,None,None,None,None,None,None,None,Low,None,None,Low,None,Low,3,11.378278,74,2.837476,15.071398,80,3.758453,15.121184,78,3.770869
park-swede-hill-pocket-park,Swede Hill Pocket Park,30.27419,-97.72973,Pocket,Passive Park,0.8694,None,None,None,None,None,None,None,None,None,None,None,None,None,None,0,40.915867,117,47.062189,16.474586,62,18.949374,13.235186,55,15.223356
park-symphony-square,Symphony Square,30.27132,-97.73516,Special,Historical/Cultural,2.8708,None,None,None,None,None,None,None,None,None,None,None,None,None,None,0,1108.727143,606,386.208424,328.216147,323,114.329158,43.687108,90,15.217747
park-t-a-brown-neighborhood-park,T A Brown Neighborhood Park,30.344083,-97.709764,Neighborhood,Active Park,2.29,None,None,None,None,None,None,None,None,None,None,None,Low,None,None,1,61.812064,148,26.992168,22.999271,80,10.04335,14.980451,49,6.541682
park-tahoe-trail-pocket-park,Tahoe Trail Pocket Park,30.22364,-97.80255,Pocket,Special Use Area,0.308,None,None,None,None,None,None,None,None,None,None,None,None,None,None,0,18.726221,76,60.799419,14.851517,55,48.219211,7.384546,36,23.975799
park-tanglewood-neighborhood-park,Tanglewood Neighborhood Park,30.43165,-97.7819,Neighborhood,Mixed-use Park,14.1402,None,None,None,None,High,Low,None,None,Medium,None,None,Low,None,Low,15,30.938622,111,2.18799,53.423375,137,3.77812,79.419345,151,5.616564
park-tannehill-branch-greenbelt,Tannehill Branch Greenbelt,30.298955,-97.689309,Greenbelt,Natural Area,4.504,None,None,None,None,None,None,None,None,None,None,None,None,None,None,0,40.061627,114,8.894677,76.366733,159,16.955314,20.848961,71,4.628988
park-tarrytown-neighborhood-park,Tarrytown Neighborhood Park,30.29666,-97.75985,Neighborhood,Mixed-use Park,2.2502,None,None,Medium,None,None,None,None,None,Medium,None,None,None,None,None,8,35.017629,117,15.562007,43.703258,111,19.421944,57.781235,117,25.678266
park-the-barrington-at-park-place,The Barrington at Park Place,30.41048,-97.71638,District,Active Park,51.69,None,None,None,None,Low,Low,Low,None,Low,None,None,Low,None,Low,8,123.148113,225,2.382436,88.851249,167,1.718925,52.417722,120,1.014079
park-the-circle-greenbelt,The Circle Greenbelt,30.25114,-97.746651,Greenbelt,Corridor,1.208,None,None,None,None,None,None,None,None,None,None,None,None,None,None,0,175.859249,244,145.578849,126.850849,174,105.008981,102.581185,128,84.9182
park-tom-lasseter-south-lamar-neighborhood-park,Tom Lasseter South Lamar Neighborhood Park,30.24117,-97.77894,Neighborhood,Active Park,2.084,None,None,None,None,Low,None,None,None,Low,None,None,Low,None,Low,4,36.373842,107,17.453859,45.821635,96,21.987349,40.420601,88,19.395682
park-trailhead-neighborhood-park,Trailhead Neighborhood Park,30.438234,-97.821103,Neighborhood,Active Park,13.6382,None,Low,None,None,Low,None,None,None,Low,None,None,Low,None,Low,6,110.314047,220,8.088608,178.549867,259,13.091894,143.896918,213,10.55102
park-triangle-commons-neighborhood-park,Triangle Commons Neighborhood Park,30.314353,-97.733558,Neighborhood,Mixed-use Park,6.05,None,None,None,None,None,None,None,None,Low,None,None,None,None,None,1,1158.383441,756,191.468337,557.014864,435,92.068573,351.404072,322,58.083318
park-upper-bull-creek-greenbelt,Upper Bull Creek Greenbelt,30.41696,-97.79339,Greenbelt,Corridor,178.2467,None,None,None,None,None,None,None,None,None,None,None,None,None,Low,1,761.934208,1963,4.274605,950.902226,2244,5.334754,2467.122055,926,13.841053
park-veterans-pocket-park,Veterans Pocket Park,30.276322,-97.771534,Pocket,Special Use Area,0.673619,None,None,None,None,None,None,None,None,None,None,None,None,None,None,0,335.393543,360,497.897985,128.77718,210,191.172131,190.948822,226,283.467096
park-waller-creek-greenbelt,Waller Creek Greenbelt,30.265892,-97.735824,Greenbelt,Corridor,7.2496,None,None,None,None,None,None,None,None,None,None,None,None,None,Medium,3,733.68073,560,101.202926,271.289101,243,37.421251,332.816595,291,45.90827
park-walnut-creek-greenbelt,Walnut Creek Greenbelt,30.40961,-97.70806,Greenbelt,Corridor,713.777,None,None,None,None,None,None,None,None,None,None,None,None,None,None,0,12.655407,67,0.01773,8.140584,47,0.011405,9.781202,52,0.013703
park-walnut-creek-metro-park,Walnut Creek Metro Park,30.4008,-97.68644,Metropolitan,Mixed-use Park,290.5193,None,None,Low,None,Low,None,Low,None,Low,None,None,Low,None,Medium,12,2776.293562,1229,9.556314,3559.580955,1260,12.252477,4754.648314,1316,16.366033
park-walnut-creek-walnut-bluffs-trailhead,Walnut Creek Walnut Bluffs Trailhead,30.38967,-97.67894,Greenbelt,Corridor,402.059,None,None,Low,None,None,None,None,None,None,None,None,None,None,None,1,1.85435,11,0.004612,0.326958,2,0.000813,0.460554,4,0.001145
park-walsh-boat-landing,Walsh Boat Landing,30.2965,-97.78328,Special,Special Use Area,6.1466,None,None,Medium,None,None,None,None,None,None,None,None,None,None,Low,6,666.746565,516,108.474045,248.410185,268,40.414243,398.630853,321,64.853879
park-walter-e-long-metro-park,Walter E Long Metro Park,30.28311,-97.60877,Metropolitan,Mixed-use Park,1885.442,None,None,None,None,Low,Low,None,None,None,None,None,None,None,High,27,2369.131726,881,1.256539,1786.550986,792,0.94755,1464.038575,661,0.776496
park-waterloo-neighborhood-park,Waterloo Neighborhood Park,30.273737,-97.736015,Neighborhood,Mixed-use Park,10.74,None,None,None,None,None,None,None,None,Low,None,None,None,None,None,1,569.829673,441,53.056767,166.938587,206,15.54363,1342.277695,364,124.979301
park-wells-creek-greenbelt,Wells Creek Greenbelt,30.42288,-97.68401,Greenbelt,Natural Area,14.78,None,None,None,None,None,None,None,None,None,None,None,None,None,None,0,90.751735,213,6.140172,50.40153,146,3.410117,77.274137,156,5.228291
park-west-austin-neighborhood-park,West Austin Neighborhood Park,30.276761,-97.757691,Neighborhood,Active Park,3.27,None,None,Low,None,None,None,Low,None,Low,None,None,Low,None,None,6,939.395916,620,287.277039,932.991537,518,285.318513,498.900424,344,152.568937
park-west-bouldin-creek-greenbelt,West Bouldin Creek Greenbelt,30.25479,-97.75975,Greenbelt,Mixed-use Park,16.0998,None,None,None,None,None,None,None,None,None,None,None,None,None,None,0,25.126845,88,1.560693,23.834851,73,1.480444,39.683312,76,2.464833
park-westcreek-pocket-park,Westcreek Pocket Park,30.22967,-97.84357,Pocket,Not available,1.293,None,None,None,None,None,None,None,None,None,None,None,None,None,None,0,90.751735,213,70.186957,50.40153,146,38.980302,77.274137,156,59.763447
park-williams-school-park,Williams School Park,30.18174,-97.79212,School,Active Park,9.892,None,None,None,None,None,None,None,None,Low,None,None,None,None,Low,2,195.246213,295,19.737789,89.115301,165,9.008825,110.496138,190,11.170253
park-williamson-creek-central-greenbelt,Williamson Creek Central Greenbelt,30.20287,-97.765739,Greenbelt,Natural Area,93.4956,None,None,None,None,None,None,None,None,None,None,None,None,None,None,0,761.934208,1960,8.149412,8672.185666,1712,92.755014,934.822791,1756,9.998575
park-williamson-creek-east-greenbelt-easement,Williamson Creek East Greenbelt Easement,30.18852,-97.75693,Greenbelt,Natural Area,108.6251,None,None,None,None,None,None,None,None,None,None,None,None,None,None,0,3644.094592,1171,33.547445,2418.562494,947,22.265227,2424.924517,872,22.323795
park-wooldridge-school-park,Wooldridge School Park,30.364681,-97.708458,School,Active Park,10.388,None,None,None,None,None,None,None,Low,None,None,None,Low,None,Low,4,707.991034,550,68.154701,728.783641,480,70.1563,669.463795,430,64.445879
park-wooldridge-square,Wooldridge Square,30.272364,-97.745871,Special,Special Use Area,1.7488,None,None,High,None,None,None,None,None,None,None,None,None,None,None,7,72.507892,173,41.461512,18.344537,51,10.489786,6.164863,27,3.525196
park-wooten-neighborhood-park,Wooten Neighborhood Park,30.35432,-97.72029,Neighborhood,Active Park,6.28,None,None,None,None,Low,None,None,None,Low,None,None,None,None,None,2,146.419323,225,23.315179,94.14208,155,14.990777,82.827855,136,13.189149
park-wunneburger-neighborhood-park,Wunneburger Neighborhood Park,30.13358,-97.80873,Neighborhood,Natural Area,23.51,None,None,None,None,None,None,None,None,None,None,None,None,None,None,0,0.595223,6,0.025318,1.003382,9,0.042679,10.942097,36,0.465423
park-yates-pocket-park,Yates Pocket Park,30.236463,-97.700121,Pocket,Natural Area,0.9338,None,None,None,None,None,Low,None,None,None,None,None,None,None,None,1,10.528165,47,11.27454,8.955451,41,9.590331,13.516273,63,14.474484
park-yett-creek-neighborhood-park,Yett Creek Neighborhood Park,30.42883,-97.73467,Neighborhood,Natural Area,40.54,None,None,None,None,None,None,None,None,None,None,None,None,None,None,0,93.890411,207,2.315994,121.722416,237,3.002526,103.631366,202,2.556274
